,ilce_adi,mahalle_adi,endemik_(sadece_bu_bolgede_yetisen)_bitkiler
0,Ahırlı,ALİÇERÇİ,YOK
1,Ahırlı,BADEMLİ,YOK
2,Ahırlı,BALIKLAVA,YOK
3,Ahırlı,BÜYÜKÖZ,YOK
4,Ahırlı,ÇİFTLİK,YOK
5,Ahırlı,ERDOĞAN,YOK
6,Ahırlı,KARACAKUYU,YOK
7,Ahırlı,KAYACIK,YOK
8,Ahırlı,KURUÇAY,YOK
9,Ahırlı,KÜÇÜKÖZ,YOK
10,Akören,AVDAN,YOK
11,Akören,KAYASU,YOK
12,Akören,AHMEDİYE,YOK
13,Akören,ALAN,YOK
14,Akören,BELKUYU,YOK
15,Akören,ÇATÖREN,YOK
16,Akören,DUTLU,YOK
17,Akören,ORHANİYE,YOK
18,Akören,SÜLEYMANİYE,YOK
19,Akören,TÜLCE,YOK
20,Akören,KARAHÜYÜK,YOK
21,Akşehir,ÇAKILLAR,YOK
22,Akşehir,GEDİL,YOK
23,Akşehir,KARAHÜYÜK,YOK
24,Akşehir,ADSIZ,YOK
25,Akşehir,ALANYURT,YOK
26,Akşehir,ALTUNTAŞ,YOK
27,Akşehir,ATAKENT,YOK
28,Akşehir,BOZLAĞAN,YOK
29,Akşehir,CANKURTARAN,YOK
30,Akşehir,ÇAMLI,YOK
31,Akşehir,ÇİMENDERE,YOK
32,Akşehir,DEĞİRMENKÖY,YOK
33,Akşehir,DOĞRUGÖZ,YOK
34,Akşehir,ENGİLİ,YOK
35,Akşehir,GÖLÇAYIR,YOK
36,Akşehir,GÖZPINARI,YOK
37,Akşehir,ILICAK,YOK
38,Akşehir,KARABULUT,YOK
39,Akşehir,ORTACA,YOK
40,Akşehir,ORTAKÖY,YOK
41,Akşehir,REİS,YOK
42,Akşehir,SAVAŞ,YOK
43,Akşehir,SORKUN,SARI MEYAN
44,Akşehir,SÖĞÜTLÜ,YOK
45,Akşehir,TEKKE,YOK
46,Akşehir,TİPİKÖY,YOK
47,Akşehir,ULUPINAR,YOK
48,Akşehir,ÜÇHÜYÜK,YOK
49,Akşehir,YAŞARLAR,YOK
50,Akşehir,YAYLABELEN,YOK
51,Akşehir,YAZLA,YOK
52,Akşehir,YENİKÖY,YOK
53,Akşehir,YEŞİLKÖY,YOK
54,Akşehir,SARAY,YOK
55,Altınekin,OĞUZELİ,YOK
56,Altınekin,AKCAŞAR,YOK
57,Altınekin,AYIŞIĞI,YOK
58,Altınekin,AKKÖY,YOK
59,Altınekin,BORUKKUYU,YOK
60,Altınekin,HACINUMAN,YOK
61,Altınekin,KARAKAYA,YOK
62,Altınekin,KOÇAŞ,YOK
63,Altınekin,KOÇYAKA,YOK
64,Altınekin,MANTAR,YOK
65,Altınekin,YENİÖLMEZ,YOK
66,Altınekin,SARNIÇ,YOK
67,Altınekin,TOPRAKLIK,YOK
68,Altınekin,YENİKUYU,YOK
69,Altınekin,YENİYAYLA,YOK
70,Altınekin,DEDELER,YOK
71,Altınekin,AKINCILAR,YOK
72,Beyşehir,ADAKÖY,YOK
73,Beyşehir,AĞILÖNÜ,YOK
74,Beyşehir,AKBURUN,YOK
75,Beyşehir,AKÇABELEN,YOK
76,Beyşehir,AVDANCIK,YOK
77,Beyşehir,BADEMLİ,YOK
78,Beyşehir,BAYAT,YOK
79,Beyşehir,BAYAVŞAR,YOK
80,Beyşehir,BAYINDIR,YOK
81,Beyşehir,BAŞGÖZE,YOK
82,Beyşehir,BEKDEMİR,YOK
83,Beyşehir,DAMLAPINAR,YOK
84,Beyşehir,DOĞANBEY,YOK
85,Beyşehir,DOĞANCIK,YOK
86,Beyşehir,DUMANLI,YOK
87,Beyşehir,EMEN,YOK
88,Beyşehir,ESENCE,YOK
89,Beyşehir,EYLİKLER,YOK
90,Beyşehir,EĞİRLER,YOK
91,Beyşehir,FASILLAR,YOK
92,Beyşehir,GÖKÇEKUYU,YOK
93,Beyşehir,GÖKÇİMEN,YOK
94,Beyşehir,GÖLKAŞI,YOK
95,Beyşehir,GÖLYAKA,YOK
96,Beyşehir,GÖNEN,YOK
97,Beyşehir,GÖÇÜ,ÇOBAN DÖŞEĞİ
98,Beyşehir,GÜNDOĞDU,YOK
99,Beyşehir,HUĞLU,YOK
100,Beyşehir,HÜSEYİNLER,YOK
101,Beyşehir,İSAKÖY,YOK
102,Beyşehir,KARAALİ,YOK
103,Beyşehir,KARABAYAT,YOK
104,Beyşehir,KARADİKEN,SAZ SÜMBÜLÜ
105,Beyşehir,KARAHİSAR,YOK
106,Beyşehir,KAYABAŞI,YOK
107,Beyşehir,KURUCUOVA,YOK
108,Beyşehir,KUŞLUCA,YOK
109,Beyşehir,KÜÇÜKAVŞAR,YOK
110,Beyşehir,MESUTLAR,YOK
111,Beyşehir,SADIKHACI,YOK
112,Beyşehir,SARIKÖY,YOK
113,Beyşehir,SEVİNDİK,YOK
114,Beyşehir,ŞAMLAR,YOK
115,Beyşehir,ÜÇPINAR,YOK
116,Beyşehir,ÜSTÜNLER,YOK
117,Beyşehir,ÜZÜMLÜ,YOK
118,Beyşehir,YAZYURDU,YOK
119,Beyşehir,YENİDOĞAN,YOK
120,Beyşehir,YEŞİLDAĞ,YOK
121,Beyşehir,YUKARIESENCE,YOK
122,Beyşehir,YUNUSLAR,YOK
123,Beyşehir,ÇİFTLİK,YOK
124,Beyşehir,ÇİVRİL,YOK
125,Beyşehir,ÇUKURAĞIL,YOK
126,Bozkır,ÇAĞLAYAN,YOK
127,Bozkır,HAMZALAR,YOK
128,Bozkır,AKÇAPINAR,YOK
129,Bozkır,ARMUTLU,YOK
130,Bozkır,ARSLANTAŞ,YOK
131,Bozkır,AYDINKIŞLA,YOK
132,Bozkır,AYVALCA,YOK
133,Bozkır,BAĞYURDU,YOK
134,Bozkır,BAYBAĞAN,YOK
135,Bozkır,BOZDAM,YOK
136,Bozkır,DEREİÇİ,YOK
137,Bozkır,DEREKÖY,YOK
138,Bozkır,ELMAAĞAÇ,YOK
139,Bozkır,HACILAR,YOK
140,Bozkır,HACIYUNUSLAR,YOK
141,Bozkır,HARMANPINAR,YOK
142,Bozkır,HİSARLIK,YOK
143,Bozkır,IŞIKLAR,YOK
144,Bozkır,KARABAYIR,YOK
145,Bozkır,KARACAARDIÇ,YOK
146,Bozkır,KARACAHİSAR,YOK
147,Bozkır,KARAYAHYA,YOK
148,Bozkır,KAYACILAR,YOK
149,Bozkır,KAYAPINAR,YOK
150,Bozkır,KINIK,YOK
151,Bozkır,KIZILÇAKIR,YOK
152,Bozkır,KİLDERE,YOK
153,Bozkır,KOVANLIK,YOK
154,Bozkır,KOZAĞAÇ,YOK
155,Bozkır,KUŞÇA,YOK
156,Bozkır,KÜÇÜKHİSARLIK,YOK
157,Bozkır,PINARCIK,YOK
158,Bozkır,SARIOĞLAN,YOK
159,Bozkır,SAZLI,YOK
160,Bozkır,SOĞUCAK,YOK
161,Bozkır,SORKUN,YOK
162,Bozkır,SÖĞÜT,YOK
163,Bozkır,TARLABAŞI,YOK
164,Bozkır,TAŞBAŞI,YOK
165,Bozkır,TEPEARASI,YOK
166,Bozkır,TEPELİCE,YOK
167,Bozkır,ULUPINAR,YOK
168,Bozkır,ÜÇPINAR,YOK
169,Bozkır,YALNIZCA,YOK
170,Bozkır,YAZDAMI,YOK
171,Bozkır,YELBEYİ,YOK
172,Bozkır,YENİKÖY,YOK
173,Bozkır,YOLÖREN,YOK
174,Çeltik,GÖKPINAR,YOK
175,Çeltik,ADAKASIM,YOK
176,Çeltik,DOĞANYURT,YOK
177,Çeltik,KAŞÖREN,YOK
178,Çeltik,KÜÇÜKHASAN,YOK
179,Çeltik,TORUNLAR,YOK
180,Çeltik,İSHAKUŞAĞI,YOK
181,Çeltik,HONAMLI,YOK
182,Cihanbeyli,BÖĞRÜDELİK,YOK
183,Cihanbeyli,YAPALI,YOK
184,Cihanbeyli,YENİCEOBA,YOK
185,Cihanbeyli,CUMHURİYET,YOK
186,Cihanbeyli,GEMECİK,YOK
187,Cihanbeyli,GÖKTEPE,YOK
188,Cihanbeyli,AĞABEYLİ,YOK
189,Cihanbeyli,HODOĞLU,YOK
190,Cihanbeyli,KAYI,YOK
191,Cihanbeyli,KIRKIŞLA,YOK
192,Cihanbeyli,KORKMAZLAR,YOK
193,Cihanbeyli,KÜÇÜKBEŞKAVAK,YOK
194,Cihanbeyli,MUTLUKONAK,YOK
195,Cihanbeyli,SAĞLIK,YOK
196,Cihanbeyli,SIĞIRCIK,YOK
197,Cihanbeyli,TURANLAR,YOK
198,Cihanbeyli,TÜFEKÇİPINAR,YOK
199,Cihanbeyli,UZUNCAYAYLA,YOK
200,Cihanbeyli,YÜNLÜKUYU,YOK
201,Cihanbeyli,ZAFERİYE,YOK
202,Cihanbeyli,GÖLYAZI,YOK
203,Cihanbeyli,GÜNYÜZÜ,YOK
204,Cihanbeyli,İNSUYU,YOK
205,Cihanbeyli,KANDİL,YOK
206,Cihanbeyli,KARABAĞ,YOK
207,Cihanbeyli,KELHASAN,YOK
208,Cihanbeyli,KUŞCA,YOK
209,Cihanbeyli,KÜTÜKUŞAĞI,YOK
210,Cihanbeyli,TAŞPINAR,YOK
211,Cihanbeyli,BEYLİOVA,YOK
212,Cihanbeyli,ÇİMEN,YOK
213,Cihanbeyli,ÇÖL,YOK
214,Cihanbeyli,DAMLAKUYU,YOK
215,Cihanbeyli,BULDUK,YOK
216,Cihanbeyli,BÜYÜKBEŞKAVAK,YOK
217,Cihanbeyli,KARATEPE,YOK
218,Çumra,ARIKÖREN,YOK
219,Çumra,DEDEMOĞLU,YOK
220,Çumra,TÜRKMENCAMİLİ,YOK
221,Çumra,A.B.HÜYÜĞÜ,YOK
222,Çumra,DİNEK,YOK
223,Çumra,İÇERİÇUMRA,YOK
224,Çumra,GÜVERCİNLİK,YOK
225,Çumra,KARKIN,YOK
226,Çumra,OKÇU,YOK
227,Çumra,YENİSU,YOK
228,Çumra,APA,YOK
229,Çumra,ABDİTOLU,YOK
230,Çumra,ADAKALE,YOK
231,Çumra,ALEMDAR,YOK
232,Çumra,APASARAYCIK,YOK
233,Çumra,AFŞAR,YOK
234,Çumra,AVDUL,YOK
235,Çumra,BALÇIKHİSAR,YOK
236,Çumra,BEYLERCE,YOK
237,Çumra,B.AŞLAMA,YOK
238,Çumra,CİCEK,YOK
239,Çumra,ÇUKURKAVAK,YOK
240,Çumra,DİNLENDİK,YOK
241,Çumra,DİNEKSARAY,YOK
242,Çumra,DOĞANLI,YOK
243,Çumra,FETHİYE,YOK
244,Çumra,GÖKHÜYÜK,YOK
245,Çumra,ERENTEPE,YOK
246,Çumra,İNLİ,YOK
247,Çumra,KUZUCU,YOK
248,Çumra,KÜÇÜKKÖY,YOK
249,Çumra,SEÇME,YOK
250,Çumra,SÜRGÜÇ,YOK
251,Çumra,TAHTALI,YOK
252,Çumra,T.KARAHÜYÜK,YOK
253,Çumra,TAŞAĞIL,YOK
254,Çumra,UZUNKUYU,YOK
255,Çumra,ÜÇHÜYÜK,YOK
256,Çumra,ÜRÜNLÜ,YOK
257,Çumra,YÖRÜKCAMİLİ,YOK
258,Çumra,ÇAYBAŞI,YOK
259,Derbent,ÇİFTLİKÖZÜ,YOK
260,Derbent,DEĞİŞ,YOK
261,Derbent,TEKKE,YOK
262,Derbent,GÜNEYKÖY,YOK
263,Derbent,MÜLAYİM,YOK
264,Derbent,SARAYPINAR,YOK
265,Derbent,YASSIÖREN,YOK
266,Derbent,SÜLEYMAN,YOK
267,Derbent,KARALAR,YOK
268,Derebucak,ÇAMLIK,YOK
269,Derebucak,DURAK,YOK
270,Derebucak,GENCEK,YOK
271,Derebucak,GÖYNEM,YOK
272,Derebucak,PINARBAŞI,YOK
273,Derebucak,TAŞLIPINAR,YOK
274,Derebucak,TEPEARASI,YOK
275,Derebucak,UĞURLU,YOK
276,Doğanhisar,BAŞKÖY,YOK
277,Doğanhisar,YAZLICA,YOK
278,Doğanhisar,AYASLAR,YOK
279,Doğanhisar,ÇINAROBA,YOK
280,Doğanhisar,DEŞTİĞİN,YOK
281,Doğanhisar,FIRINLI,YOK
282,Doğanhisar,GÜVENDİK,YOK
283,Doğanhisar,İLYASLAR,YOK
284,Doğanhisar,KARAAĞA,YOK
285,Doğanhisar,KEMER,YOK
286,Doğanhisar,KOÇAŞ,YOK
287,Doğanhisar,KONAKKALE,YOK
288,Doğanhisar,TEKKE,YOK
289,Doğanhisar,UNCULAR,YOK
290,Doğanhisar,YAZIR,YOK
291,Doğanhisar,YENİCE,YOK
292,Emirgazi,EKİZLİ,YOK
293,Emirgazi,AKMESCİT,YOK
294,Emirgazi,BESCİ,YOK
295,Emirgazi,DEMİRCİ,YOK
296,Emirgazi,GÖLÖREN,YOK
297,Emirgazi,IŞIKLAR,YOK
298,Emirgazi,KARAÖREN,YOK
299,Emirgazi,MEŞELİ,YOK
300,Emirgazi,ÖBEKTAŞ,YOK
301,Emirgazi,YAMAÇ,YOK
302,Ereğli,ZENGEN,YOK
303,Ereğli,ACIPINAR,YOK
304,Ereğli,ADABAĞ,YOK
305,Ereğli,AKHÜYÜK,YOK
306,Ereğli,ALHAN,YOK
307,Ereğli,AŞAĞI GÖNDELEN,YOK
308,Ereğli,AŞIKLAR,YOK
309,Ereğli,AZİZİYE,YOK
310,Ereğli,BAHÇELİ,YOK
311,Ereğli,BELCEAĞAÇ,YOK
312,Ereğli,BELKAYA,YOK
313,Ereğli,BEYKÖY,YOK
314,Ereğli,BEYÖREN,YOK
315,Ereğli,BULGURLUK,YOK
316,Ereğli,BURHANİYE,YOK
317,Ereğli,BÜYÜKDEDE,YOK
318,Ereğli,ÇAKMAK,YOK
319,Ereğli,ÇAYHAN,YOK
320,Ereğli,ÇİLLER,YOK
321,Ereğli,ÇİMENCİK,YOK
322,Ereğli,GAYBİ,YOK
323,Ereğli,GÖKÇEYAZI,YOK
324,Ereğli,GÖKTÖME,YOK
325,Ereğli,HACIMEMİŞ,YOK
326,Ereğli,KAMIŞLIKUYU,YOK
327,Ereğli,KARABURUN,YOK
328,Ereğli,KARGACI,YOK
329,Ereğli,KIZILGEDİK,YOK
330,Ereğli,KUSKUNCUK,YOK
331,Ereğli,KUTÖREN,YOK
332,Ereğli,KUZUKUYU,YOK
333,Ereğli,MELİCEK,YOK
334,Ereğli,ORHANİYE,YOK
335,Ereğli,ÖZGÜRLER,YOK
336,Ereğli,PINARÖZÜ,YOK
337,Ereğli,SARICA,YOK
338,Ereğli,SARITOPALLI,YOK
339,Ereğli,SELVİLİ,YOK
340,Ereğli,TAŞAĞIL,YOK
341,Ereğli,TAŞBUDAK,YOK
342,Ereğli,TATLIKUYU,YOK
343,Ereğli,TÜRKMEN,YOK
344,Ereğli,ULUMEŞE,YOK
345,Ereğli,YAZLIK,YOK
346,Ereğli,YELLİCE,YOK
347,Ereğli,YENİKÖY,YOK
348,Ereğli,YILDIZLI,YOK
349,Ereğli,YUKARIGÖNDELEN,YOK
350,Ereğli,HORTU,YOK
351,Ereğli,ACIKUYU,YOK
352,Güneysınır,GÜRAĞAÇ,YOK
353,Güneysınır,AĞAÇOBA,YOK
354,Güneysınır,ALANÖZÜ,YOK
355,Güneysınır,AVCITEPE,YOK
356,Güneysınır,AYDOĞMUŞ,YOK
357,Güneysınır,HABİLLER,YOK
358,Güneysınır,KARAGÜNEY,YOK
359,Güneysınır,KAYAAĞZI,YOK
360,Güneysınır,KIZILÖZ,YOK
361,Güneysınır,KURUKAVAK,YOK
362,Güneysınır,MEHMET ALİ,YOK
363,Güneysınır,ÖMEROĞLU,YOK
364,Güneysınır,ÖRENBOYALI,YOK
365,Güneysınır,SARIHACI,YOK
366,Hadim,AŞAĞIEŞENLER,YOK
367,Hadim,AŞAĞIKIZILKAYA,YOK
368,Hadim,BADEMLİ,YOK
369,Hadim,BAĞBAŞI,YOK
370,Hadim,BEYRELİ,YOK
371,Hadim,BOLAT,YOK
372,Hadim,ÇİFTEPINAR,YOK
373,Hadim,DEDEMLİ,YOK
374,Hadim,DÜLGERLER,YOK
375,Hadim,FAKILAR,YOK
376,Hadim,GAZİLER,YOK
377,Hadim,GÖYNÜKKIŞLA,YOK
378,Hadim,GÜLPINAR,YOK
379,Hadim,İĞDEÖREN,YOK
380,Hadim,KALINAĞIL,ERENLER ÇİÇEĞİ
381,Hadim,KAPLANLI,YOK
382,Hadim,GEZLEVİ,YOK
383,Hadim,KÜPLÜCE,YOK
384,Hadim,ODUNCU,YOK
385,Hadim,SARNIÇ,YOK
386,Hadim,SELAHATTİN,YOK
387,Hadim,UMURLAR,YOK
388,Hadim,YAĞCI,YOK
389,Hadim,YALINÇEVRE,YOK
390,Hadim,YELMEZ,YOK
391,Hadim,YENİKONAK,YOK
392,Hadim,YUKARIEŞENLER,YOK
393,Halkapınar,İVRİZ,YOK
394,Halkapınar,BÜYÜKDOĞAN,YOK
395,Halkapınar,DEDELİ,YOK
396,Halkapınar,DELİMAHMUTLU,YOK
397,Halkapınar,ESKİHİSAR,YOK
398,Halkapınar,KARAYUSUFLU,YOK
399,Halkapınar,KAYASARAY,YOK
400,Halkapınar,KÖRLÜ,YOK
401,Halkapınar,KÜSERE,YOK
402,Halkapınar,OSMANKÖSELİ,"KONGUR, HASRET GÜLÜ, TERS LALE"
403,Halkapınar,SEYDİFAKILI,YOK
404,Halkapınar,YASSIKAYA,YOK
405,Halkapınar,YAYIKLI,YOK
406,Halkapınar,YEŞİLYURT,YOK
407,Halkapınar,ÇAKILLAR,YOK
408,Hüyük,BAŞLAMIŞ,YOK
409,Hüyük,BUDAK,YOK
410,Hüyük,BURUNSUZ,YOK
411,Hüyük,ÇAMLICA,YOK
412,Hüyük,ÇAVUŞ,YOK
413,Hüyük,ÇUKURKENT,YOK
414,Hüyük,DEĞİRMENALTI,YOK
415,Hüyük,GÖÇERİ,YOK
416,Hüyük,GÖRÜNMEZ,YOK
417,Hüyük,İLMEN,YOK
418,Hüyük,İMRENLER,YOK
419,Hüyük,KIRELİ,YOK
420,Hüyük,KÖŞK,YOK
421,Hüyük,MUTLU,YOK
422,Hüyük,PINARBAŞI,YOK
423,Hüyük,SELKİ,YOK
424,Hüyük,SULUDERE,YOK
425,Hüyük,TOLCA,YOK
426,Hüyük,YENİCE,YOK
427,Ilgın,ARGITHANI,YOK
428,Ilgın,BEYKONAK,YOK
429,Ilgın,ÇAVUŞÇUGÖL,YOK
430,Ilgın,AĞALAR,YOK
431,Ilgın,BALKI,YOK
432,Ilgın,BARAKMUSLU,YOK
433,Ilgın,BELEKLER,YOK
434,Ilgın,BOĞAZKENT,YOK
435,Ilgın,BULCUK,YOK
436,Ilgın,BÜYÜKOBA,YOK
437,Ilgın,ÇİĞİL,YOK
438,Ilgın,ÇATAK,YOK
439,Ilgın,ÇOBANKAYA,YOK
440,Ilgın,ÇÖMLEKCİ,YOK
441,Ilgın,DEREKÖY,YOK
442,Ilgın,DIĞRAK,YOK
443,Ilgın,DÜĞER,YOK
444,Ilgın,ELDEŞ,YOK
445,Ilgın,GEÇİT,YOK
446,Ilgın,GEDİKÖREN,YOK
447,Ilgın,GÖSTERE,YOK
448,Ilgın,GÖKÇEYURT,YOK
449,Ilgın,GÖLYAKA,YOK
450,Ilgın,GÖKBUDAK,YOK
451,Ilgın,GÜNEYPINAR,YOK
452,Ilgın,HARMANYAZI,YOK
453,Ilgın,İHSANİYE,YOK
454,Ilgın,KAPAKLI,YOK
455,Ilgın,KARAKÖY,YOK
456,Ilgın,KALEKÖY,YOK
457,Ilgın,MAHMUTHİSAR,YOK
458,Ilgın,MECİDİYE,YOK
459,Ilgın,MİSAFİRLİ,YOK
460,Ilgın,OLUKPINAR,YOK
461,Ilgın,ORHANİYE,YOK
462,Ilgın,ORMANÖZÜ,YOK
463,Ilgın,SADIKKÖY,YOK
464,Ilgın,SEBİLLER,YOK
465,Ilgın,TEKELER,YOK
466,Ilgın,YUKARIÇİĞİL,YOK
467,Ilgın,YORAZLAR,YOK
468,Ilgın,ZAFERİYE,YOK
469,Ilgın,AVDAN,YOK
470,Kadınhanı,OSMANCIK,YOK
471,Kadınhanı,AFŞARLI,YOK
472,Kadınhanı,ALABAĞ,YOK
473,Kadınhanı,ATLANTI,YOK
474,Kadınhanı,BAKIRPINAR,YOK
475,Kadınhanı,BAŞKUYU,YOK
476,Kadınhanı,BAYRAMLI,YOK
477,Kadınhanı,BEYKAVAĞI,YOK
478,Kadınhanı,BULGURPINAR,YOK
479,Kadınhanı,ÇAVDAR,YOK
480,Kadınhanı,ÇEŞMECİK,YOK
481,Kadınhanı,ÇUBUK,YOK
482,Kadınhanı,DEMİROLUK,YOK
483,Kadınhanı,HACIMEHMETLİ,YOK
484,Kadınhanı,HACIOFLAZLAR,YOK
485,Kadınhanı,HACIPİRLİ,YOK
486,Kadınhanı,KABACALI,YOK
487,Kadınhanı,KAMIŞLIÖZÜ,YOK
488,Kadınhanı,KARAHİSARLI,YOK
489,Kadınhanı,KARAKURTLU,YOK
490,Kadınhanı,KARASEVİNÇ,YOK
491,Kadınhanı,KARAYÜRÜKLÜ,YOK
492,Kadınhanı,KIZILKUYU,YOK
493,Kadınhanı,KOLUKISA,YOK
494,Kadınhanı,KONURÖREN,YOK
495,Kadınhanı,KÖKEZ,YOK
496,Kadınhanı,KÖYLÜTOLU,YOK
497,Kadınhanı,KURTHASANLI,YOK
498,Kadınhanı,KÜÇÜKKUYU,YOK
499,Kadınhanı,MAHMUDİYE,YOK
500,Kadınhanı,MEYDANLI,YOK
501,Kadınhanı,ÖRNEK,YOK
502,Kadınhanı,PİRALİ,YOK
503,Kadınhanı,PUSAT,YOK
504,Kadınhanı,SAÇIKARA,YOK
505,Kadınhanı,SARIKAYA,YOK
506,Kadınhanı,SÖĞÜTÖZÜ,YOK
507,Kadınhanı,ŞAHÖREN,YOK
508,Kadınhanı,TOSUNOĞLU,YOK
509,Kadınhanı,YAĞLICA,YOK
510,Kadınhanı,YAYLAYAKA,YOK
511,Karapınar,HOTAMIŞ,YOK
512,Karapınar,KESMEZ,YOK
513,Karapınar,AKÇAYAZI,YOK
514,Karapınar,AKÖREN,YOK
515,Karapınar,ÇİĞİL,YOK
516,Karapınar,HASANOBA,YOK
517,Karapınar,İSLİK,YOK
518,Karapınar,KARAKIŞLA,YOK
519,Karapınar,KAYACIK,YOK
520,Karapınar,KAYALI,YOK
521,Karapınar,KAZANHÜYÜĞÜ,YOK
522,Karapınar,KÜÇÜKAŞLAMA,YOK
523,Karapınar,ORTAOBA,YOK
524,Karapınar,OYMALI,MAHMUDİYE
525,Karapınar,SAZLIPINAR,YOK
526,Karapınar,YAĞMAPINAR,YOK
527,Karapınar,YENİKUYU,YOK
528,Karapınar,YEŞİLYURT,YOK
529,Karatay,YARMA,YOK
530,Karatay,ACIDORT,YOK
531,Karatay,AĞSAKLI,YOK
532,Karatay,AKBAŞ,YOK
533,Karatay,AKÖRENKIŞLA,YOK
534,Karatay,BAKIRTOLU,YOK
535,Karatay,BAŞGÖTÜREN,YOK
536,Karatay,BEŞAĞIL,YOK
537,Karatay,BÜYÜKBURNAK,YOK
538,Karatay,ÇENGİLTİ,YOK
539,Karatay,DİVANLAR,YOK
540,Karatay,ESENTEPE,YOK
541,Karatay,GÖÇÜ,YOK
542,Karatay,HAYIROĞLU MERKEZ,YOK
543,Karatay,İPEKLER,YOK
544,Karatay,İSMİL,YOK
545,Karatay,KARADONA,YOK
546,Karatay,KARAKAYA,YOK
547,Karatay,KATRANCI,YOK
548,Karatay,KIZÖREN,YOK
549,Karatay,KÖSEALİ,YOK
550,Karatay,OBRUK,YOK
551,Karatay,OVAKAVAĞI,YOK
552,Karatay,SAKYATAN,YOK
553,Karatay,SÜRÜÇ,YOK
554,Karatay,ŞATIR,YOK
555,Karatay,YAĞLIBAYAT,YOK
556,Karatay,YAVŞANKUYU,YOK
557,Karatay,YENİCE,YOK
558,Karatay,YENİKENT,YOK
559,Karatay,ZİNCİRLİ,YOK
560,Kulu,ACIKUYU,YOK
561,Kulu,AĞILBAŞI,YOK
562,Kulu,ALTILAR,YOK
563,Kulu,ARŞINCA,YOK
564,Kulu,BEŞKARDEŞ,YOK
565,Kulu,BOĞAZÖREN,YOK
566,Kulu,BOZAN,YOK
567,Kulu,BURUNAĞIL,YOK
568,Kulu,CANIMANA,YOK
569,Kulu,CELEP,YOK
570,Kulu,DİPDEDE,YOK
571,Kulu,DOĞUTEPE,YEPELEK
572,Kulu,FEVZİYE,YOK
573,Kulu,GÖKLER,YOK
574,Kulu,GÜZELYAYLA,YOK
575,Kulu,HİSAR,YOK
576,Kulu,KARACADAĞ,YOK
577,Kulu,KARACADERE,YOK
578,Kulu,KIRKKUYU,YOK
579,Kulu,KIRKPINAR,YOK
580,Kulu,KOZANLI,YOK
581,Kulu,KÖMÜŞİNİ,YOK
582,Kulu,KÖŞKER,YOK
583,Kulu,SARIYAYLA,YOK
584,Kulu,SEYİTAHMETLİ,YOK
585,Kulu,SOĞUKKUYU,YOK
586,Kulu,ŞEREFLİ,YOK
587,Kulu,TAVLIÖREN,YOK
588,Kulu,ÖMERANLI,YOK
589,Kulu,TUZYAKA,YOK
590,Kulu,YARAŞLI,YOK
591,Kulu,YAZIÇAYIR,YOK
592,Kulu,YEŞİLTEPE,YOK
593,Kulu,YEŞİLYURT,YOK
594,Kulu,ZİNCİRLİKUYU,YOK
595,Kulu,BAHADIRLI,YOK
596,Kulu,DEĞİRMENÖZÜ,YOK
597,Meram,ERENKAYA,YOK
598,Meram,YATAĞAN,YOK
599,Meram,GÖKYURT,YOK
600,Meram,BAYAT,YOK
601,Meram,BORUKTOLU,YOK
602,Meram,BOTSA,YOK
603,Meram,ÇAYIRBAĞI,YOK
604,Meram,ÇOMAKLAR,YOK
605,Meram,ÇUKURÇİMEN,YOK
606,Meram,EVLİYATEKKE,YOK
607,Meram,HATUNSARAY,YOK
608,Meram,İKİPINAR,YOK
609,Meram,İLYASBABA,YOK
610,Meram,İNLİCE,YOK
611,Meram,KARAAĞAÇ,YOK
612,Meram,KAVAK,YOK
613,Meram,KAYADİBİ,YOK
614,Meram,KAYALI,YOK
615,Meram,KAYHÜYÜK,YOK
616,Meram,KIZILÖREN,YOK
617,Meram,KUMRALI,YOK
618,Meram,SADIKLAR,YOK
619,Meram,SAĞLIK,YOK
620,Meram,SARIKIZ,YOK
621,Meram,SEFAKÖY,YOK
622,Meram,YEŞİLDERE,YOK
623,Meram,YEŞİLTEKKE,YOK
624,Meram,KAŞINHANI,YOK
625,Sarayönü,LADİK,YOK
626,Sarayönü,BAHÇESARAY,YOK
627,Sarayönü,BAŞHÜYÜK,YOK
628,Sarayönü,BOYALI,YOK
629,Sarayönü,BÜYÜKZENGİ,YOK
630,Sarayönü,ÇEŞMELİSEBİL,YOK
631,Sarayönü,DEĞİRMENLİ,YOK
632,Sarayönü,ERTUĞRUL,YOK
633,Sarayönü,GÖZLÜ,YOK
634,Sarayönü,KADIOĞLU,YOK
635,Sarayönü,KARABIYIK,YOK
636,Sarayönü,KARATEPE,YOK
637,Sarayönü,KAYIÖREN,YOK
638,Sarayönü,KONAR,YOK
639,Sarayönü,KURŞUNLU,YOK
640,Sarayönü,KUYULUSEBİL,YOK
641,Sarayönü,ÖZKENT,YOK
642,Sarayönü,YENİCEKAYA,YOK
643,Selçuklu,BAŞARAKAVAK,"YOK, KONGUR"
644,Selçuklu,hasan,
645,Selçuklu,SARAYKÖY,YOK
646,Selçuklu,SULUTAS,YOK
647,Selçuklu,TATKÖY,YOK
648,Selçuklu,AKPINAR,YOK
649,Selçuklu,BAĞRIKURT,YOK
650,Selçuklu,BİÇER,YOK
651,Selçuklu,ÇALDERE,YOK
652,Selçuklu,ÇALTI,YOK
653,Selçuklu,ÇANDIR,YOK
654,Selçuklu,DAĞDERE,YOK
655,Selçuklu,EĞRİBAYAT,YOK
656,Selçuklu,GÜVENÇ,YOK
657,Selçuklu,KALE,YOK
658,Selçuklu,KARAÖMERLER,YOK
659,Selçuklu,KERVAN,YOK
660,Selçuklu,KINIK,YOK
661,Selçuklu,KIZILCAKUYU,YOK
662,Selçuklu,MEYDAN,YOK
663,Selçuklu,SELAHATTİN,YOK
664,Selçuklu,SIZMA,YOK
665,Selçuklu,TEPEKENT,YOK
666,Selçuklu,ULUMUHSİNE,YOK
667,Selçuklu,YAZIBELEN,YOK
668,Selçuklu,SİLLE,YOK
669,Selçuklu,ARDIÇLI,YOK
670,Selçuklu,AŞAĞIPINARBAŞI,YOK
671,Selçuklu,YUKARIPINARBAŞI,YOK
672,Selçuklu,KÜÇÜKMUHSİNE,YOK
673,Selçuklu,SARICALAR,YOK
674,Selçuklu,TÖMEK,YOK
675,Selçuklu,YÜKSELEN,YOK
676,Selçuklu,Mehmet Fatih,
677,Seydişehir,KESECİK,YOK
678,Seydişehir,AKÇALAR,YOK
679,Seydişehir,AŞAĞIKARAÖREN,YOK
680,Seydişehir,BAŞKARAÖREN,YOK
681,Seydişehir,BOSTANDERE,YOK
682,Seydişehir,BOYALI,YOK
683,Seydişehir,BÜKÇE,YOK
684,Seydişehir,ÇAT,YOK
685,Seydişehir,ÇATMAKAYA,YOK
686,Seydişehir,ÇAVUŞ,YOK
687,Seydişehir,DİKİLİTAŞ,YOK
688,Seydişehir,GEVREKLİ,YOK
689,Seydişehir,GÖKÇEHÜYÜK,YOK
690,Seydişehir,GÖKHÜYÜK,YOK
691,Seydişehir,GÖLYÜZÜ,YOK
692,Seydişehir,IRMAKLI,YOK
693,Seydişehir,İNCESU,YOK
694,Seydişehir,KARABULAK,YOK
695,Seydişehir,KARACAÖREN,YOK
696,Seydişehir,KAVAK,YOK
697,Seydişehir,KETENLİ,YOK
698,Seydişehir,KIZILCA,YOK
699,Seydişehir,KOZLU,YOK
700,Seydişehir,KUMLUCA,YOK
701,Seydişehir,KURAN,YOK
702,Seydişehir,MADENLİ,YOK
703,Seydişehir,MESUDİYE,YOK
704,Seydişehir,MURADİYE,YOK
705,Seydişehir,OĞLAKÇI,YOK
706,Seydişehir,ORTAKARAÖREN,YOK
707,Seydişehir,SARAYCIK,YOK
708,Seydişehir,SUSUZ,YOK
709,Seydişehir,TARAŞÇI,YOK
710,Seydişehir,TAŞAĞIL,YOK
711,Seydişehir,TEPECİK,YOK
712,Seydişehir,TOL,YOK
713,Seydişehir,UFACIK,YOK
714,Seydişehir,YAYLACIK,YOK
715,Seydişehir,YENİCE,YOK
716,Taşkent,AFŞAR,YOK
717,Taşkent,BALCILAR,YOK
718,Taşkent,BOLAY,YOK
719,Taşkent,ÇETMİ,YOK
720,Taşkent,KECİMEN,YOK
721,Taşkent,KONGUL,YOK
722,Taşkent,SAZAK,YOK
723,Taşkent,ILICAPINAR,YOK
724,Tuzlukçu,KONARI,YOK
725,Tuzlukçu,MEVLÜTLÜ,YOK
726,Tuzlukçu,KORAŞI,YOK
727,Tuzlukçu,ÇÖĞÜRLÜ,YOK
728,Tuzlukçu,TURSUNLU,YOK
729,Tuzlukçu,KUNDULLU,YOK
730,Tuzlukçu,PAZARKAYA,YOK
731,Tuzlukçu,SUBATAN,YOK
732,Tuzlukçu,GÜRSU,YOK
733,Tuzlukçu,ERDOĞDU,YOK
734,Tuzlukçu,KÖKLÜCE,YOK
735,Yalıhüyük,SARAY,YOK
736,Yalıhüyük,ARASÖĞÜT,YOK
737,Yunak,KUZÖREN,YOK
738,Yunak,KOÇYAZI,YOK
739,Yunak,TURGUT,YOK
740,Yunak,PİRİBEYLİ,YOK
741,Yunak,SÜLÜKLÜ,YOK
742,Yunak,ALTINÖZ,YOK
743,Yunak,AYRITEPE,YOK
744,Yunak,BEŞIŞIKLI,ÇATRIK BİTKİSİ
745,Yunak,CEBRAİL,YOK
746,Yunak,ÇAYIRBAŞI,YOK
747,Yunak,EĞRİKUYU,YOK
748,Yunak,HACIÖMEROĞLU,YOK
749,Yunak,HATIRLI,YOK
750,Yunak,HACIFAKILI,YOK
751,Yunak,HARUNLAR,YOK
752,Yunak,HURSUNLU,YOK
753,Yunak,İMAMOĞLU,YOK
754,Yunak,KARGALI,YOK
755,Yunak,KARAYAYLA,YOK
756,Yunak,KILLAR,YOK
757,Yunak,KURTUŞAĞI,YOK
758,Yunak,KUYUBAŞI,YOK
759,Yunak,MEŞELİK,YOK
760,Yunak,ODABAŞI,YOK
761,Yunak,ORTAKIŞLA,YOK
762,Yunak,ÖZYAYLA,YOK
763,Yunak,SERTLER,YOK
764,Yunak,SEVİNÇ,YOK
765,Yunak,SIRAM,YOK
766,Yunak,SİNANLI,YOK
767,Yunak,YAVAŞLI,YOK
768,Yunak,YEŞİLOBA,YOK
769,Yunak,YEŞİLYAYLA,YOK
770,Yunak,YIĞAR,YOK
771,Yunak,SARAY,YOK
772,,,
